15,410,"['810190', '820936', '817404', '817405', '817402', '817403', '817400', '817401', '808292', '808452', '808274', '808273', '817019', '817018', '822107', '822106', '823636', '817152', '817153', '821229', '810124', '808670', '821790', '822072', '822071', '821799', '821798', '822079', '822078', '811188', '805627', '819226', '805628', '820935', '817381', '811113', '817383', '817382', '817385', '811117', '821258', '817386', '817389', '817388', '821250', '821251', '821076', '811232', '822250', '822257', '811236', '821179', '821178', '822258', '821172', '821171', '823778', '822088', '822089', '808354', '823677', '822133', '816994', '819903', '811246', '822222', '811240', '822228', '811148', '823813', '823810', '808412', '822134', '819153', '807818', '808232', '807811', '810165', '822203', '817741', '817740', '817743', '817742', '817745', '817744', '817747', '817746', '817749', '817748', '823401', '823400', '820994', '821217', '821218', '821911', '821910', '806218', '821917', '821918', '806212', '821858', '821859', '817369', '817368', '821851', '821852', '823834', '821750', '801335', '801331', '811208', '811203', '822266', '822267', '808909', '808512', '819621', '820884', '820885', '822156', '808584', '817144', '817143', '817029', '810131', '822006', '822005', '819878', '821760', '821761', '817738', '817739', '822165', '822164', '817737', '821080', '811100', '811108', '821710', '821241', '821240', '814630', '821067', '821063', '815332', '821735', '811082', '809498', '822098', '823663', '822097', '815347', '817759', '822234', '811253', '801302', '811258', '801301', '823715', '806176', '807804', '822143', '820913', '822142', '817755', '822026', '822027', '817778', '817779', '817774', '817775', '817776', '817777', '817770', '817771', '817772', '817773', '820985', '820986', '821207', '821208', '808616', '821845', '821844', '821924', '821925', '806224', '821027', '822194', '822058', '822193', '822057', '822051', '822050', '819569', '819568', '823421', '817380', '817081', '817087', '821720', '821721', '811077', '817762', '822116', '821709', '817384', '817760', '817387', '811218', '821257', '811213', '822272', '817792', '817793', '817790', '817791', '823751', '811283', '811288', '820952', '820893', '819634', '820894', '801290', '801291', '808474', '808808', '821071', '808372', '808373', '808574', '817133', '817039', '808254', '808392', '817134', '817030', '811172', '810143', '820172', '822013', '822012', '822019', '821807', '821772', '822150', '817040', '822157', '820875', '820876', '808622', '821977', '821051', '821055', '809485', '811095', '821872', '821873', '811091', '823792', '821187', '821188', '817378', '822202', '811263', '811268', '822209', '823720', '823723', '819857', '823831', '821696', '821697', '808690', '820904', '820903', '808325', '817769', '817768', '823588', '817007', '808109', '817763', '822115', '817761', '817009', '817767', '817766', '817765', '817764', '821808', '810117', '821230', '823695', '808210', '808191', '820977', '821780', '821781', '821771', '821789', '811198', '822185', '822184', '811193', '822064', '822065', '817098', '805632', '805631', '817097', '817392', '817393', '817390', '817391', '817396', '817397', '817394', '821736', '817398', '817399', '811224', '822241', '822242', '806151', '811228', '822249', '822125', '822124', '817785', '811167', '817787', '817786', '817781', '817780', '817783', '817782', '817789', '817788', '811293', '821011', '811298', '821019', '811162', '820944', '817395', '823866', '823865', '807790', '822217', '822210', '817752', '817753', '817750', '817751', '817756', '817757', '817754', '808131', '811156', '819852', '817758', '821743', '822020', '822149', '807897', '823418', '821265', '821264', '808631', '811121', '811303', '821976', '815317', '817370', '817371', '817372', '817373', '817374', '817375', '817376', '817377', '821865', '817379', '823649', '821866', '821197', '821196', '817784', '801328', '801329', '811278', '801320', '822216', '801322', '811274', '801324', '801325', '801327', '821999', '821998', '821991', '821992', '808916', '821127', '821120', '821121', '821128', '806191']"
10,351,"['822754', '822755', '822692', '816382', '816383', '821828', '822776', '821414', '821415', '822817', '822816', '816494', '816495', '822887', '822885', '822831', '821319', '810810', '811053', '824679', '820071', '816481', '821485', '821484', '818560', '818563', '818564', '818565', '818566', '818567', '818568', '824598', '820202', '810764', '822657', '822656', '822984', '813068', '818157', '824122', '818159', '818158', '821367', '824695', '824697', '824917', '821437', '824125', '820194', '821287', '821286', '816510', '820854', '821356', '821355', '822727', '822726', '801248', '822720', '822684', '822869', '801241', '810916', '801247', '810910', '801245', '813316', '810467', '810862', '810869', '821455', '821320', '811366', '801239', '801237', '801234', '822618', '801232', '801230', '819053', '819052', '819051', '819050', '819057', '819056', '819055', '819054', '819059', '819058', '816464', '822664', '822663', '822504', '821468', '816418', '816419', '817213', '822867', '801243', '822685', '822769', '822768', '811035', '822762', '822761', '822895', '816480', '821836', '806952', '806774', '801277', '801279', '822719', '822712', '822713', '810881', '818579', '818578', '818577', '818576', '818575', '818574', '818573', '818572', '818571', '818570', '822824', '824166', '824164', '821403', '821401', '822823', '824044', '824042', '824226', '810770', '822783', '822782', '819062', '819063', '819060', '819061', '816450', '821298', '818168', '818169', '818165', '818166', '818167', '818160', '818161', '818162', '818163', '818204', '822894', '818207', '825018', '822992', '822993', '822699', '822698', '822972', '822973', '821438', '822878', '822877', '821389', '822691', '821334', '821447', '821446', '821333', '824719', '822810', '824715', '824717', '818547', '818548', '822619', '822677', '822671', '822670', '822678', '819038', '824677', '813048', '822775', '816401', '816400', '811003', '813079', '823012', '823011', '801259', '821379', '821378', '807011', '821275', '821276', '801261', '801265', '822840', '824754', '801250', '824024', '824752', '824021', '810483', '822705', '824180', '824183', '822706', '822832', '821470', '821476', '821477', '824233', '824232', '824230', '824236', '824235', '824234', '822961', '821837', '816966', '816967', '819178', '819179', '821427', '822801', '816446', '818179', '818178', '818173', '818172', '818171', '818170', '816364', '818176', '818175', '818174', '819182', '822983', '820836', '811013', '822741', '822740', '822809', '821429', '821428', '822747', '822962', '821425', '822748', '822800', '821426', '821390', '819181', '819180', '819183', '813333', '819185', '819184', '819187', '819186', '818195', '821309', '818197', '818196', '818191', '818190', '818193', '818192', '811047', '811041', '810789', '806933', '818555', '821308', '818557', '818556', '818551', '818553', '818194', '818559', '824202', '824203', '824200', '824201', '810712', '824205', '801288', '801286', '801284', '801282', '813058', '816432', '818582', '818583', '818580', '818581', '818586', '818584', '818585', '821297', '818206', '823003', '823002', '817198', '816509', '821344', '821345', '806574', '806751', '822850', '801255', '822859', '822858', '822842', '822733', '822734', '801267', '821461', '801269', '824105', '821467', '810875', '821469', '824108', '811019', '810751', '818554', '810758', '810997', '822607', '821366', '824734', '822849', '822608', '818205', '819045', '819046', '819047', '818201', '818200', '818203', '818202', '818552', '819048', '819049', '818177']"
I-10,273,"['774743', '772307', '774744', '764050', '769097', '737292', '718119', '774728', '737158', '737278', '772314', '763485', '718335', '716036', '718332', '716032', '717043', '717042', '717041', '717040', '717047', '717046', '717045', '717205', '716176', '717207', '772224', '717200', '717202', '764125', '717121', '717123', '717125', '717127', '772274', '717129', '763479', '773573', '763731', '716081', '765098', '773594', '716126', '717154', '763646', '764227', '772308', '764130', '717238', '717087', '764222', '716084', '716085', '716087', '717230', '717146', '717232', '772225', '717235', '717236', '764941', '717036', '716088', '717035', '717032', '717033', '717139', '717031', '765451', '717083', '717135', '717134', '717133', '763727', '717131', '717039', '717247', '759163', '717226', '717224', '772284', '717220', '768328', '764217', '716152', '716153', '717229', '759280', '773557', '763490', '759178', '718445', '772235', '772236', '718118', '716092', '716091', '773558', '717026', '717020', '717022', '717142', '765506', '717029', '717028', '775030', '716063', '716067', '716069', '717252', '717251', '717257', '717254', '717136', '717209', '717258', '716146', '764206', '718103', '773593', '717091', '717093', '737269', '717095', '717097', '717011', '717012', '759385', '717014', '717015', '717016', '717192', '717019', '717152', '717155', '717049', '717157', '717156', '716072', '716075', '768339', '716076', '716078', '763330', '717241', '717240', '717243', '717084', '717245', '759259', '717081', '717246', '717249', '716172', '759257', '716174', '764201', '717089', '772258', '717165', '717167', '717160', '717162', '737257', '737258', '763346', '737313', '717169', '763341', '717009', '717008', '768173', '772296', '768584', '769118', '768694', '716193', '716047', '764054', '768349', '772297', '737320', '718421', '737184', '769105', '737329', '717171', '717176', '717174', '737246', '717179', '763336', '737242', '768598', '773584', '717216', '717079', '773583', '717073', '717070', '717071', '763963', '717077', '717075', '773647', '716050', '716057', '717190', '774440', '774441', '772273', '763453', '764026', '718099', '717260', '763458', '764059', '775029', '737232', '717187', '717185', '763325', '737237', '764211', '763695', '717105', '716181', '717101', '717060', '717065', '717108', '772285', '716101', '773572', '759289', '772321', '768174', '764244', '767329', '772249', '716028', '717150', '763743', '772246', '772247', '764249', '737229', '717055', '737344', '737345', '718020', '717198', '717052', '717219', '717195', '718411', '717214', '717196', '717059', '716187', '717211', '717114', '774729', '717116', '718419', '717110', '717112', '718415', '718414', '768972', '717119', '718410', '718412']"
SR-101,251,"['764879', '770872', '764874', '770845', '717447', '717446', '717445', '770821', '764891', '770827', '770824', '717524', '771004', '717520', '717522', '770611', '770610', '716339', '772564', '772355', '770950', '716331', '770956', '716337', '769402', '764637', '764632', '770863', '769405', '767811', '770754', '765444', '768253', '770830', '770833', '770836', '770839', '770934', '769389', '769388', '716328', '771163', '770741', '770940', '770945', '760002', '764627', '769403', '764622', '769418', '768066', '772140', '770700', '716398', '770707', '716390', '716391', '716392', '772340', '770974', '759271', '770808', '770971', '770805', '765101', '765100', '765106', '770802', '765182', '770886', '717813', '760013', '767802', '770735', '768265', '770637', '764863', '764949', '764617', '772609', '773024', '764868', '772151', '770917', '764927', '769444', '769443', '764921', '770962', '770818', '770811', '772168', '764885', '770814', '772208', '717495', '764766', '717497', '717490', '717491', '717492', '717493', '765176', '770911', '717498', '717499', '775302', '764958', '764814', '769431', '764819', '770642', '772354', '767801', '772571', '770717', '770851', '772596', '772597', '764937', '764932', '770998', '773023', '770992', '772193', '717483', '764772', '717481', '717480', '717486', '717484', '765164', '717489', '717488', '770796', '770712', '775314', '770648', '764803', '770790', '768634', '770793', '764808', '770657', '770799', '770652', '765472', '764900', '772583', '764905', '769467', '767810', '770988', '772610', '764760', '770980', '770724', '770905', '770901', '770878', '717479', '765150', '771016', '760024', '717472', '717473', '764781', '765099', '770781', '770787', '764839', '770890', '764834', '770661', '769358', '769359', '770666', '770688', '770857', '764963', '764858', '768477', '770682', '764853', '717502', '772167', '717501', '717504', '717508', '770676', '771009', '737433', '717469', '717468', '770671', '717465', '716359', '717466', '717461', '717460', '717463', '717462', '718150', '764829', '770896', '769345', '769346', '770748', '770772', '772178', '764824', '770766', '764848', '768469', '764910', '764794', '770694', '772582', '717511', '717510', '717513', '717515', '717514', '717517', '717516', '717519', '717518', '764798', '717458', '717459', '764641', '769430', '764646', '770929', '773062', '717450', '717452', '717453', '770923', '717456', '770760', '764915', '769372', '718149', '718148', '718146', '718144', '718143', '718142', '718141', '769373']"
I-405,238,"['717797', '761482', '717795', '717794', '717790', '772652', '717799', '717798', '717818', '717819', '717777', '772655', '767053', '717813', '717814', '717816', '769496', '772827', '718238', '717719', '717717', '717715', '717713', '717711', '717710', '772762', '772011', '767827', '716689', '717807', '717806', '717804', '771898', '717801', '717800', '767350', '771897', '718479', '717809', '769195', '769228', '766493', '764583', '772024', '772025', '761552', '717769', '772789', '772788', '772651', '775239', '717763', '717760', '771877', '717766', '717765', '718280', '716694', '718267', '772801', '718284', '718287', '775120', '775121', '718277', '771915', '771914', '764598', '771807', '764590', '718219', '717779', '772802', '737529', '772625', '771969', '717772', '716626', '717776', '764754', '772815', '772814', '772737', '718297', '718296', '775225', '718292', '718291', '718290', '767367', '767366', '766505', '718232', '768626', '717744', '717746', '717740', '716632', '717742', '718265', '771954', '771879', '772437', '718262', '716738', '716739', '772639', '775156', '716733', '765171', '718235', '768643', '772941', '718266', '764604', '765273', '772721', '718304', '771981', '717696', '717697', '759422', '717699', '759427', '767351', '716719', '717753', '717752', '717751', '717750', '718275', '717755', '718308', '717758', '771939', '774327', '771864', '761492', '717826', '775155', '771863', '718500', '772454', '716720', '761526', '775249', '771826', '768634', '764572', '772527', '716674', '772837', '764578', '772754', '771767', '771997', '767812', '772640', '718249', '716659', '718245', '718247', '718240', '718242', '718243', '761455', '717727', '717724', '764671', '772455', '717723', '717720', '717721', '775165', '765153', '716714', '718259', '717729', '761500', '718227', '772745', '771938', '772438', '775184', '775183', '771825', '718312', '771925', '718310', '718258', '718314', '718315', '718253', '718251', '765265', '716660', '718256', '716663', '717735', '772775', '772776', '771808', '717731', '717733', '764567', '771846', '771845', '761541', '768619', '768968', '768969', '772666', '772828', '775137', '772729', '775136', '775261', '717788', '718300', '718302', '717829', '717828', '717825', '717824', '717827', '716670', '717821', '717823', '717787', '717701', '717703', '769248', '717706', '718229', '718226', '717709', '718223', '718221']"
5,235,"['1204301', '1205297', '1205295', '1205290', '1204447', '1205028', '1204316', '1204997', '1219412', '1204538', '1205541', '1204798', '1205632', '1213229', '1210841', '1204415', '1205215', '1204255', '1205211', '1205421', '1204716', '1204577', '1204886', '1204559', '1204390', '1205157', '1204552', '1212662', '1204825', '1204193', '1205473', '1215503', '1205310', '1204841', '1204198', '1210856', '1204244', '1204328', '1205135', '1204761', '1205139', '1205341', '1219436', '1204643', '1205269', '1216538', '1204409', '1210926', '1212645', '1205349', '1204486', '1211107', '1205532', '1205262', '1212001', '1204638', '1205432', '1205478', '1205636', '1204878', '1205303', '1219388', '1204401', '1205122', '1204230', '1212094', '1205680', '1211829', '1205607', '1204458', '1205375', '1212218', '1209929', '1205045', '1205276', '1204436', '1212649', '1216530', '1204967', '1204632', '1205493', '1204737', '1204532', '1205440', '1213570', '1213571', '1219403', '1204731', '1205182', '1214005', '1214006', '1204295', '1211816', '1204422', '1204607', '1205330', '1204586', '1204521', '1204428', '1204650', '1205612', '1210882', '1204507', '1205528', '1204501', '1209830', '1205193', '1205590', '1205364', '1209831', '1205012', '1204340', '1208976', '1205246', '1204621', '1205517', '1205452', '1216505', '1213700', '1204357', '1205395', '1216589', '1204453', '1210974', '1205250', '1205583', '1210972', '1204216', '1204211', '1205105', '1204699', '1204290', '1205463', '1204515', '1205189', '1205062', '1204695', '1204697', '1210955', '1219359', '1204615', '1205508', '1204861', '1204750', '1204944', '1219354', '1205668', '1205380', '1205384', '1205200', '1204924', '1205623', '1204442', '1204682', '1205071', '1204688', '1205335', '1205225', '1204766', '1213527', '1210895', '1205627', '1205175', '1213528', '1204395', '1204565', '1204816', '1205572', '1204950', '1204869', '1216506', '1204345', '1216244', '1210872', '1212611', '1204937', '1212216', '1204372', '1204478', '1216246', '1205169', '1212196', '1210993', '1210991', '1204472', '1212115', '1212116', '1205230', '1211623', '1204279', '1205165', '1205166', '1204273', '1210013', '1205088', '1204571', '1210015', '1204808', '1204672', '1205562', '1212192', '1205409', '1205567', '1205658', '1212588', '1213699', '1204904', '1205320', '1204982', '1215774', '1204306', '1205324', '1219396', '1205168', '1218142', '1212144', '1205286', '1213215', '1210141', '1211853', '1204268', '1205204', '1205553', '1204787', '1205152', '1210908', '1210909', '1204781', '1204665', '1204703', '1211075', '1204701', '1204546', '1209957', '1204384']"
91,234,"['801509', '1214118', '1217251', '1217194', '1213686', '801502', '1214117', '801505', '1213680', '1203665', '1208208', '1204181', '1218677', '1203998', '1203850', '1204159', '1204105', '810110', '1203615', '1203524', '1208199', '823132', '1203692', '801435', '1208190', '801431', '819114', '1203831', '1217292', '801457', '801455', '822589', '801451', '811350', '1208176', '1203984', '1217082', '801552', '801418', '1204052', '824796', '1204023', '1204117', '824797', '824810', '1203909', '1203825', '801428', '820559', '801422', '824809', '801449', '1208161', '801479', '801445', '801447', '1204142', '801442', '822590', '823180', '817546', '1213060', '817544', '1208260', '811345', '1217136', '1217238', '1203549', '1204168', '1203931', '1217063', '824862', '824848', '824861', '801517', '801516', '801515', '820549', '801512', '801511', '1218684', '1208134', '820364', '818763', '807830', '818766', '1217100', '818764', '1203718', '801473', '1203972', '801477', '1203642', '1217227', '1203573', '811332', '1203649', '1203861', '1208151', '1203922', '1216852', '1203481', '1203927', '1204076', '824978', '814351', '814357', '1203866', '801562', '1218691', '801560', '816084', '801565', '1218698', '1208240', '1217117', '806674', '1203896', '1213398', '1203561', '1203654', '1217216', '1208121', '811325', '824849', '820288', '1213892', '1213891', '1203495', '1204064', '1203957', '1203793', '801527', '1203799', '1203813', '1217183', '811314', '824835', '1204091', '811408', '823858', '811404', '1214062', '811400', '1208147', '1208108', '1204153', '1203704', '801499', '1217161', '1208230', '810678', '801493', '801490', '1217205', '801496', '1203513', '820845', '820846', '1204010', '1208226', '1203944', '801464', '801549', '1203788', '801544', '801546', '1212725', '801541', '801469', '801543', '822288', '823031', '801528', '811412', '811309', '1203631', '823038', '801523', '801520', '801521', '801488', '1217273', '1203679', '823131', '1203589', '1217172', '1203774', '801481', '1203886', '801485', '1203506', '824822', '824823', '1214063', '801559', '1217285', '1217044', '801415', '1203871', '820356', '801550', '819075', '801556', '801555', '819076', '1208110', '801539', '801538', '801535', '820489', '801536', '801531', '801530', '801533', '1218669', '1203762', '1218662', '816077', '1217149', '1217262', '1204038', '813794', '1203845', '822370', '824836', '1203536', '1203604', '1217070', '811389', '807471', '1213985', '1208180', '1213986']"
I-5,212,"['759783', '715916', '761644', '768664', '718360', '769091', '769090', '715898', '764232', '762398', '764236', '773630', '763990', '759666', '775058', '759822', '759700', '775050', '759707', '775049', '759906', '759900', '716968', '716965', '716963', '716960', '715929', '768523', '715922', '759552', '715920', '715921', '768655', '716993', '716990', '716991', '716996', '716997', '716994', '775037', '769029', '716999', '716007', '759850', '759654', '759858', '769055', '716918', '768701', '759914', '716912', '716913', '716910', '716911', '716916', '775041', '716914', '716915', '716017', '715938', '716010', '715930', '715933', '716981', '716983', '716985', '716986', '716989', '716988', '769030', '759844', '718358', '759648', '761604', '759617', '759576', '759172', '716908', '774344', '716901', '716900', '716902', '716904', '716907', '716906', '759942', '759747', '759610', '763706', '764151', '763669', '763700', '769042', '769043', '759531', '775059', '716934', '716936', '716937', '716930', '774092', '716933', '768138', '716938', '716939', '762347', '764156', '718364', '716016', '775081', '764435', '769625', '759250', '769054', '763674', '716923', '716922', '716921', '716920', '716925', '716924', '718370', '718371', '716929', '716928', '718375', '718376', '759626', '772055', '763975', '717006', '717004', '762353', '717002', '717001', '717000', '759513', '759870', '759927', '759518', '716896', '716895', '718081', '718086', '718085', '763237', '718089', '716899', '716898', '775007', '759602', '715996', '759591', '775008', '716956', '763641', '716955', '716953', '715915', '716951', '715918', '716958', '768682', '759566', '759636', '759933', '759685', '718090', '718379', '718092', '761599', '759762', '764417', '716944', '716946', '716941', '716940', '716943', '716942', '718392', '718393', '718404', '718405', '716949', '718394', '775080', '715944', '715947', '774514', '759888', '763980', '763748', '763985', '759542', '716023', '759677', '759672', '759228', '775067', '775068', '759772', '718384', '718389', '716971', '716973', '716974', '716975', '716977', '716978', '716979', '759834', '759835']"
215,199,"['819192', '823338', '801580', '819193', '819190', '819191', '819196', '819197', '819194', '819195', '823346', '801589', '816253', '816061', '819202', '819203', '818232', '818233', '818234', '818235', '818236', '819205', '818238', '818239', '819119', '824303', '816150', '824306', '816155', '818623', '818622', '818621', '818620', '818625', '818624', '823309', '816269', '816268', '824267', '819189', '819188', '801595', '817796', '817797', '817794', '817795', '818229', '818228', '818227', '818226', '818225', '818224', '819893', '818222', '818221', '818220', '817824', '817825', '817820', '817821', '817822', '806025', '817819', '816313', '825071', '801586', '818223', '817109', '805941', '816009', '818602', '824372', '817798', '823347', '823289', '817799', '816255', '806031', '818609', '806033', '818608', '806039', '806027', '818230', '816328', '816241', '816033', '823337', '817823', '819200', '819201', '825053', '819206', '823245', '819207', '818598', '815994', '819204', '822400', '818241', '818240', '818237', '819086', '822409', '824281', '818591', '819964', '817125', '817124', '818590', '823308', '806890', '818610', '824449', '818592', '816106', '818595', '818594', '818597', '818615', '818599', '806019', '822391', '818231', '801577', '820164', '823242', '817800', '819123', '818619', '817118', '818587', '824451', '818588', '817117', '820672', '811143', '801596', '816113', '825036', '805949', '819957', '824343', '817181', '817180', '806030', '819081', '811126', '823286', '818612', '818613', '818593', '818611', '818616', '818617', '818614', '818596', '817802', '817803', '818618', '817801', '817806', '817807', '817105', '816047', '816301', '816299', '824334', '818216', '818217', '818214', '818215', '818212', '818213', '818210', '818211', '805956', '818218', '818219', '824411', '818601', '818600', '818589', '818607', '818606', '817811', '817810', '817813', '817812', '817815', '822356', '816286', '816285', '817172', '817173', '819780', '818209', '818208', '824264']"
I-210,191,"['770187', '769150', '769701', '770229', '772967', '769702', '770012', '770024', '772888', '770200', '770588', '772887', '717657', '717654', '717653', '717650', '717659', '770354', '761191', '767986', '769819', '772872', '770353', '770116', '770290', '772966', '770332', '770331', '770303', '768014', '770568', '768012', '770385', '770036', '773154', '717644', '717646', '770530', '717640', '717642', '769788', '769941', '717649', '718047', '771618', '771202', '770103', '770215', '770587', '770243', '768000', '769136', '764146', '761177', '718210', '772858', '767883', '717672', '717673', '717674', '717675', '717676', '717678', '773127', '770486', '770487', '770401', '771603', '770259', '770315', '769758', '767898', '761165', '767955', '767896', '716143', '716142', '765477', '770089', '717669', '717667', '773193', '717664', '717663', '717661', '770556', '769722', '770555', '770000', '769926', '771636', '717692', '769744', '717694', '770061', '769984', '769983', '772933', '767940', '767942', '769953', '770598', '761152', '772932', '770599', '718469', '767984', '765486', '717617', '717615', '770545', '770129', '770499', '769911', '770498', '769772', '717682', '717685', '717684', '717686', '717688', '772857', '768297', '761220', '770463', '761141', '767970', '769847', '770141', '770386', '764137', '772902', '769866', '769867', '761356', '767925', '768026', '770578', '770579', '773194', '770475', '770474', '768028', '769880', '770048', '717634', '717635', '717637', '717630', '717631', '717633', '773168', '773169', '717638', '770544', '771642', '761342', '773128', '772918', '770157', '770275', '768055', '770567', '770076', '772917', '769895', '772953', '772954', '769831', '761374', '717622', '717620', '717627', '772903', '717625', '717624', '773179', '761206', '717628', '772873', '770169', '769965', '761128', '767910', '768041', '770519', '768283', '769806', '769807', '770510', '767998']"
241,177,"['1216144', '1209578', '1209577', '1211471', '1211475', '1216229', '1216024', '1215841', '1216220', '1215877', '1215876', '1211539', '1211378', '1211379', '1211560', '1211562', '1211278', '1209568', '1211501', '1215987', '1215986', '1209567', '1211465', '1211509', '1216137', '1215869', '1216039', '1216230', '1215862', '1215863', '1216032', '1216033', '1211344', '1211298', '1211343', '1209644', '1209646', '1211574', '1211575', '1211266', '1211264', '1215855', '1211515', '1215856', '1216201', '1209622', '1209621', '1216202', '1216049', '1211522', '1211296', '1216040', '1216128', '1216129', '1211352', '1211353', '1215870', '1216152', '1209652', '1211218', '1211586', '1211585', '1209634', '1216210', '1216211', '1209594', '1209632', '1211528', '1215848', '1216219', '1216195', '1216194', '1216111', '1216059', '1216112', '1211285', '1211286', '1216119', '1216118', '1216058', '1209684', '1211455', '1211326', '1211325', '1211451', '1211204', '1211206', '1216067', '1211434', '1211433', '1215849', '1209606', '1211535', '1216068', '1211531', '1211510', '1216104', '1216105', '1211236', '1216145', '1211334', '1211335', '1209542', '1211444', '1211445', '1209548', '1211424', '1211425', '1216070', '1216077', '1209614', '1209615', '1216179', '1216178', '1215822', '1215823', '1216171', '1216170', '1211388', '1211221', '1211229', '1211387', '1216187', '1209531', '1216048', '1211309', '1209685', '1211634', '1216188', '1211410', '1209669', '1218990', '1211550', '1216086', '1209660', '1209598', '1216081', '1211396', '1216006', '1211395', '1216002', '1216001', '1216161', '1216162', '1211626', '1211627', '1211624', '1211625', '1211628', '1211629', '1211247', '1211318', '1211461', '1211317', '1215842', '1211310', '1209586', '1216153', '1216318', '1216094', '1216095', '1209674', '1216010', '1211490', '1216018', '1216019', '1209585', '1216136', '1209558', '1211499', '1211369', '1211368', '1211491', '1211276', '1211361', '1211360', '1211248']"
60,147,"['801337', '801343', '820152', '810921', '820088', '801379', '810926', '801338', '809912', '820701', '811072', '821547', '820092', '801340', '801341', '801346', '801347', '801344', '820156', '801349', '821610', '817553', '816011', '809968', '809960', '821533', '821532', '820712', '820713', '820000', '820001', '810316', '801350', '801353', '801352', '810829', '820770', '801356', '801359', '801358', '821495', '821496', '820783', '820782', '809977', '820787', '820786', '820785', '820703', '810936', '813804', '821546', '820706', '810931', '820720', '824069', '811057', '810819', '801368', '823191', '801364', '801365', '801367', '801361', '801362', '801402', '821572', '819973', '819975', '820719', '820177', '810946', '821559', '820114', '820110', '801373', '801371', '801370', '801377', '801376', '820118', '801374', '809952', '801355', '808945', '820771', '810951', '820161', '820160', '810957', '821560', '820105', '821520', '820101', '820749', '821611', '820747', '821507', '821586', '823190', '821585', '810941', '801387', '801383', '801380', '821573', '810965', '824056', '820130', '820738', '821519', '821600', '820148', '820736', '820735', '810984', '820097', '821599', '810988', '801394', '801397', '801391', '801390', '820632', '820853', '801398', '820851', '820850', '821506', '801410', '801411', '823978', '810971', '811067', '810835', '820127', '820126', '820122', '820727', '820726', '809986', '801400', '811061', '801404', '801407', '820634', '801408']"
SR-60,144,"['773294', '716237', '716235', '716238', '766788', '774181', '774180', '773460', '766806', '717285', '717328', '717281', '717282', '717322', '717320', '773293', '717288', '717324', '773305', '774125', '765461', '766843', '766642', '774927', '766644', '716241', '773492', '773490', '717339', '773257', '773258', '717330', '718123', '717332', '718125', '718124', '718127', '718126', '766569', '716254', '717306', '717300', '717301', '716253', '717303', '717308', '773329', '773407', '769732', '773246', '773245', '773409', '766661', '766571', '773522', '717312', '718453', '773330', '718455', '716265', '717315', '774947', '717318', '717334', '717337', '773437', '773232', '773233', '765456', '769454', '717316', '766587', '766585', '773535', '773537', '773317', '773342', '773343', '717361', '773221', '774491', '773222', '773422', '774926', '768444', '767635', '774165', '773316', '773520', '774475', '766600', '766602', '717274', '717277', '717270', '767737', '717273', '773424', '773505', '773507', '716206', '717327', '773458', '773304', '774946', '717269', '717268', '717263', '717262', '767723', '767335', '717266', '717265', '717264', '767722', '764418', '716213', '773274', '717340', '717342', '717343', '717346', '774164', '773439', '766908', '766909', '766622', '773281', '766620', '773474', '774958', '773473', '717296', '717294', '717292', '773273', '717290', '717358', '717357', '717355', '717350', '717352', '717298', '717279']"
SR-118,135,"['766010', '766012', '771691', '765958', '772092', '717528', '765960', '766153', '717525', '764169', '771690', '770953', '760774', '764165', '760782', '766112', '771721', '772132', '717539', '766167', '717533', '717532', '717530', '717537', '717536', '717535', '764072', '764076', '770941', '764173', '759165', '760706', '764177', '760828', '760900', '766096', '760794', '770947', '765920', '765943', '770979', '765941', '766170', '760718', '760738', '770881', '717549', '717546', '717547', '717544', '764064', '717543', '717541', '760911', '770995', '772133', '770916', '760971', '760726', '770959', '766060', '770965', '766062', '765976', '717558', '770895', '717554', '759142', '717553', '770866', '770854', '772125', '772126', '764081', '760941', '764161', '764085', '772118', '772119', '766110', '765922', '717568', '770910', '717560', '717562', '770862', '717565', '717566', '771706', '766027', '766184', '766185', '766124', '766138', '760892', '760959', '760951', '770989', '766046', '766044', '770983', '760746', '770904', '760869', '772107', '770877', '772108', '717557', '760921', '760693', '764189', '764181', '764185', '770848', '760756', '770935', '770843', '765995', '760814', '760812', '765993', '764197', '772487', '764193', '760932', '760686', '772488', '766029', '770887', '765978', '760765', '770926', '764068', '770922', '760801']"
405,129,"['1209070', '1201589', '1209076', '1201839', '1213963', '1209274', '1209276', '1209178', '1217312', '1209176', '1216948', '1201469', '1201941', '1209189', '1201671', '1201923', '1209241', '1209243', '1209161', '1209162', '1218071', '1201283', '1201787', '1201125', '1209374', '1214209', '1216934', '1209372', '1201911', '1201767', '1201481', '1216995', '1209319', '1201853', '1209091', '1209092', '1201365', '1201211', '1201217', '1217330', '1201292', '1201118', '1201298', '1201112', '1201406', '1214212', '1209407', '1201197', '1211066', '1216927', '1209306', '1216923', '1209144', '1201497', '1209304', '1201653', '1201719', '1213650', '1201399', '1201419', '1201315', '1219581', '1201410', '1201558', '1201185', '1201705', '1201977', '1209334', '1209336', '1213968', '1201171', '1219516', '1201541', '1201382', '1201620', '1201987', '1201985', '1213654', '1201270', '1201867', '1213652', '1214238', '1214239', '1214081', '1214080', '1209204', '1201805', '1201735', '1201430', '1209424', '1201637', '1201333', '1201240', '1201087', '1209438', '1209217', '1201969', '1209454', '1209259', '1209452', '1209059', '1201254', '1201159', '1214461', '1201606', '1209493', '1201687', '1201525', '1201100', '1209289', '1216809', '1209321', '1201883', '1216801', '1201823', '1217669', '1201222', '1201510', '1209261', '1201751', '1201145', '1216792', '1201453', '1201350', '1209353', '1201899', '1209355', '1209291', '1201959']"
I-605,112,"['717951', '773784', '773785', '717954', '717957', '717956', '717958', '716760', '773773', '717893', '717894', '716841', '717896', '717897', '717898', '766851', '773774', '773795', '773796', '773798', '767678', '717888', '717887', '717885', '717884', '717881', '769513', '773712', '717872', '717871', '717877', '717875', '717879', '773807', '737504', '766937', '717143', '773711', '765501', '716829', '717863', '717862', '717865', '717864', '717867', '717909', '717906', '717907', '717903', '716834', '716810', '773724', '717858', '717859', '717854', '737152', '717857', '717850', '717851', '717853', '717915', '717914', '717912', '773737', '773736', '764001', '718466', '716800', '717848', '717843', '717842', '717847', '717846', '717844', '717929', '717922', '717924', '717925', '717926', '773743', '773749', '763683', '716819', '716797', '763689', '717934', '717933', '717930', '764021', '717838', '717839', '717836', '717832', '717833', '717831', '767233', '763616', '716788', '716784', '717942', '717943', '717940', '761675', '717947', '717945', '761844', '716776', '716775', '716778', '773723', '773760', '773761']"
210,108,"['809211', '819613', '809350', '819454', '819599', '819515', '813980', '810210', '814480', '809188', '809022', '814552', '809100', '819368', '819684', '819685', '819363', '821659', '821652', '821653', '809202', '810280', '809117', '819695', '813973', '814566', '819696', '809294', '809172', '814506', '818929', '821645', '821646', '808969', '822175', '809287', '819341', '819349', '819504', '819723', '809301', '814514', '819728', '809308', '819514', '814211', '814216', '819129', '809070', '819538', '809126', '819532', '819710', '819716', '819717', '810259', '819654', '814526', '823328', '819526', '819520', '819484', '809273', '809322', '810245', '819709', '819703', '819702', '814027', '816211', '819552', '819498', '819491', '821660', '821667', '821666', '809252', '819142', '809259', '816218', '816219', '819472', '809336', '823327', '819478', '809238', '810273', '810230', '822176', '819545', '819460', '816194', '814533', '819605', '819448', '809343', '810266', '814499', '818723', '818721', '819575', '813993', '813995', '808993', '814010', '808998', '814548', '809036']"
73,103,"['1210688', '1208760', '1210687', '1210447', '1210446', '1210441', '1210440', '1212464', '1212463', '1210679', '1210560', '1210561', '1212484', '1212480', '1210696', '1210697', '1210600', '1210597', '1210599', '1210598', '1210602', '1210601', '1212479', '1210456', '1210455', '1212472', '1208945', '1210609', '1208944', '1212473', '1212495', '1212496', '1210582', '1210583', '1210589', '1210610', '1210618', '1210619', '1208941', '1208943', '1208942', '1210504', '1210505', '1210488', '1209020', '1210736', '1210744', '1210745', '1210629', '1210628', '1208886', '1210749', '1208703', '1208701', '1208809', '1210678', '1210489', '1210523', '1210638', '1210737', '1210527', '1210524', '1210525', '1210637', '1210487', '1210494', '1210536', '1210491', '1210728', '1210729', '1208789', '1210552', '1210551', '1210648', '1210647', '1210478', '1210669', '1210570', '1210715', '1210716', '1210572', '1210659', '1210542', '1210543', '1210466', '1210465', '1208758', '1212489', '1212454', '1212455', '1210706', '1210705', '1210571', '1210479', '1210573', '1210590', '1210574', '1210661', '1210660', '1210474', '1210475', '1210476', '1210477']"
I-110,83,"['763286', '764032', '767767', '774672', '763259', '766337', '763354', '767759', '763384', '763419', '763434', '763304', '763439', '763309', '771673', '767750', '767768', '716484', '716485', '763367', '774704', '763361', '716481', '772501', '763502', '763527', '774703', '763498', '771667', '763522', '772513', '760635', '718166', '718173', '772669', '774685', '774658', '763246', '763251', '760650', '773013', '766336', '759416', '763294', '763517', '763299', '759418', '763532', '763392', '763314', '763512', '764037', '763408', '763424', '718046', '763429', '763400', '763663', '763377', '716491', '716490', '763372', '716500', '716495', '716494', '773012', '763621', '716499', '763267', '760643', '763720', '763626', '763447', '718165', '718164', '766988', '718045', '718041', '774671', '767751', '763507', '763275', '767760']"
22,81,"['1215091', '1202885', '1202803', '1214805', '1202949', '1202676', '1202960', '1202844', '1202766', '1202789', '1214871', '1202574', '1214939', '1214938', '1214972', '1202742', '1202921', '1214853', '1202827', '1202785', '1202901', '1202701', '1211641', '1216962', '1202724', '1202705', '1202981', '1202720', '1202555', '1214955', '1214954', '1202648', '1202663', '1215248', '1202599', '1214854', '1212170', '1202590', '1214894', '1202595', '1215017', '1202964', '1215965', '1202872', '1202691', '1215092', '1202859', '1202627', '1215963', '1202855', '1214988', '1215018', '1202977', '1202938', '1214806', '1202753', '1202840', '1214715', '1214869', '1202917', '1202814', '1202912', '1202779', '1215002', '1215003', '1202631', '1202993', '1215043', '1202610', '1202738', '1202564', '1215044', '1202614', '1214881', '1214882', '1215236', '1215252', '1215026', '1215250', '1202929', '1214987']"
I-105,80,"['760558', '760361', '760512', '760330', '760101', '760236', '716470', '716422', '760535', '716420', '716421', '716426', '716427', '716424', '760112', '716404', '716405', '716428', '716407', '760606', '760619', '716402', '716448', '716449', '760473', '760599', '760063', '716440', '716441', '716442', '716443', '760496', '760226', '716460', '716461', '760369', '760384', '760375', '763712', '760283', '767868', '718155', '760349', '760080', '760568', '760426', '766875', '716457', '716456', '716433', '760187', '716453', '716434', '716437', '716450', '716413', '760358', '760440', '716459', '716414', '716431', '765476', '760301', '760196', '774614', '760481', '716471', '716419', '760046', '767838', '716466', '773047', '760315', '760167', '767857', '773656', '760452', '760074', '760398', '716409']"
57,77,"['1217447', '1218170', '1217468', '1217470', '1213105', '1213122', '1202093', '1217439', '1202278', '1213023', '1213133', '1202132', '1202394', '1219091', '1202172', '1213672', '1217490', '1216881', '1202053', '1202451', '1202230', '1202215', '1211907', '1213041', '1213121', '1213106', '1202011', '1213618', '1202078', '1219075', '1202408', '1202290', '1216908', '1212074', '1212075', '1202118', '1202353', '1202337', '1213673', '1219462', '1213088', '1217450', '1217479', '1202373', '1202436', '1202040', '1213624', '1202422', '1217483', '1215775', '1202248', '1202263', '1213036', '1202365', '1202380', '1217784', '1211954', '1213742', '1213741', '1217708', '1202160', '1211870', '1202464', '1202186', '1219461', '1202201', '1202308', '1202146', '1202024', '1201998', '1202105', '1219089', '1213721', '1202322', '1213087', '1202475', '1219072']"
SR-91,71,"['768223', '716295', '717441', '716296', '765467', '759980', '717440', '716314', '717420', '773381', '717388', '716311', '716312', '716313', '717384', '717402', '717387', '717380', '717381', '717426', '717383', '768222', '717439', '768898', '717410', '768907', '716273', '716272', '717406', '718327', '717367', '773362', '717365', '717418', '717428', '718130', '717404', '717368', '717369', '717424', '773363', '766555', '773382', '718326', '717433', '717399', '717431', '717436', '717434', '717435', '717393', '717392', '717438', '717390', '717397', '717396', '717413', '717421', '766209', '717416', '765591', '764425', '717375', '717374', '717376', '766211', '717373', '717443', '717379', '717378', '717442']"
55,70,"['1210220', '1210205', '1203071', '1203184', '1212863', '1203288', '1212865', '1203387', '1203124', '1209888', '1215811', '1203303', '1203148', '1212882', '1212885', '1210189', '1203161', '1214253', '1203239', '1203084', '1203021', '1203266', '1209873', '1203284', '1203342', '1203206', '1210173', '1210172', '1214215', '1212935', '1212938', '1203016', '1203188', '1203110', '1203076', '1210190', '1214373', '1203050', '1203136', '1212955', '1203057', '1212957', '1212842', '1203317', '1203082', '1212840', '1215809', '1203035', '1218332', '1203172', '1203400', '1203361', '1203254', '1203040', '1212916', '1211173', '1203468', '1203440', '1203221', '1203095', '1209860', '1203090', '1203271', '1214321', '1214322', '1213274', '1203428', '1212903', '1212901', '1203331']"
I-710,60,"['717978', '718493', '718492', '761851', '717972', '774389', '717970', '717977', '717975', '772980', '774444', '774445', '774523', '717989', '717995', '716847', '761761', '717992', '717770', '768984', '718018', '718147', '772711', '718010', '718012', '763468', '718014', '718017', '718016', '774358', '774359', '774411', '717968', '761734', '774372', '717966', '717960', '774373', '717962', '717963', '718151', '718488', '716891', '718321', '718320', '761776', '717986', '718102', '716857', '717983', '717980', '772689', '717660', '718008', '774524', '772701', '718285', '718002', '768978', '716875']"
71,52,"['821632', '812730', '812586', '821631', '821625', '821624', '819294', '819311', '824530', '812651', '812654', '812657', '812776', '825109', '812717', '819321', '825121', '825104', '823914', '819324', '819303', '812831', '825154', '812811', '819269', '825096', '819261', '812788', '819265', '821617', '812601', '825090', '812609', '823210', '823211', '819284', '812744', '821618', '812821', '812648', '812588', '812704', '825115', '819276', '819330', '823571', '819337', '825150', '819317', '812800', '812690', '819253']"
SR-134,51,"['773927', '718496', '773904', '773906', '774032', '718499', '774012', '774011', '773996', '774031', '774053', '773890', '773869', '716551', '716554', '773995', '773953', '773916', '717582', '717583', '717580', '717587', '717585', '773870', '773880', '761016', '773954', '773975', '774067', '773974', '717576', '717573', '717572', '717571', '717570', '717578', '717099', '773939', '717601', '717603', '760987', '718204', '761003', '717606', '717599', '774204', '774054', '717590', '717592', '717595', '717597']"
SR-23,50,"['771410', '771432', '771431', '771553', '770681', '770687', '771531', '771385', '771396', '771294', '771295', '771488', '771542', '771350', '770673', '770616', '770631', '771441', '770634', '771565', '771254', '771253', '771318', '771371', '770651', '771521', '771421', '771509', '770691', '771463', '771453', '770697', '771400', '771285', '771349', '771578', '771340', '770703', '771475', '770621', '771386', '771499', '771577', '771306', '771268', '770660', '771360', '771329', '770643', '770667']"
SR-57,45,"['764089', '764420', '763563', '774813', '774812', '774877', '774878', '763568', '763583', '774854', '774855', '718356', '763546', '763970', '718054', '718051', '718050', '718053', '718052', '768779', '774890', '774799', '774865', '764096', '769061', '774842', '769068', '774901', '774902', '774866', '763573', '763597', '763649', '763578', '774841', '763590', '763539', '763558', '774826', '763553', '774800', '774827', '774891', '716203', '718048']"
SR-126,39,"['771098', '771122', '771046', '771022', '771043', '771107', '771104', '771040', '771003', '771125', '771049', '771083', '771080', '771086', '771064', '771089', '771061', '771068', '771101', '771025', '771074', '771019', '771110', '771113', '771031', '771037', '771034', '771116', '771119', '771015', '771010', '771058', '771095', '771092', '771028', '771077', '771052', '771054', '771071']"
261,37,"['1212311', '1212310', '1212334', '1212319', '1212336', '1212333', '1212443', '1212441', '1212359', '1212391', '1212372', '1212374', '1212398', '1212407', '1212406', '1212423', '1212390', '1212292', '1212424', '1212302', '1212303', '1212362', '1212360', '1212432', '1212320', '1212405', '1212348', '1212431', '1212345', '1212346', '1212347', '1212281', '1212282', '1212414', '1212415', '1212382', '1212383']"
133,32,"['1211770', '1211692', '1211772', '1211731', '1211732', '1211752', '1211750', '1201054', '1211693', '1201076', '1211761', '1211663', '1211787', '1211665', '1211706', '1219099', '1219097', '1211708', '1211741', '1211740', '1211682', '1211760', '1211725', '1211724', '1201066', '1219078', '1211653', '1211654', '1211716', '1211717', '1211784', '1219081']"
SR-2,28,"['767620', '767621', '767541', '767542', '767609', '767585', '768202', '767471', '767470', '718076', '767572', '767455', '767454', '767554', '767573', '767523', '767598', '768230', '767610', '767495', '767494', '767597', '768238', '718072', '762329', '718064', '718066', '767509']"
142,27,"['1219278', '1218618', '1219109', '1218612', '1219107', '1218615', '1219105', '1219104', '1218858', '1218857', '1219279', '1218624', '1218627', '1218621', '1219258', '1219257', '1219273', '1219253', '1219252', '1219274', '1219111', '1219262', '1219264', '1218863', '1218862', '1219268', '1219269']"
SR-14,20,"['764283', '766730', '764297', '764290', '764276', '766712', '766694', '764262', '764311', '766749', '764269', '766721', '766703', '764304', '766740', '764318', '766758', '767790', '767791', '764322']"
74,19,"['1218585', '1219113', '1219212', '1219087', '1218570', '1218573', '1218576', '1219213', '1218567', '1218564', '1219115', '1218847', '1218853', '1219095', '1218848', '1218852', '1217857', '1217856', '1219117']"
SR-170,16,"['765604', '717608', '764106', '764120', '764101', '717612', '717613', '717610', '763995', '717614', '764430', '764424', '716571', '716573', '761070', '764115']"
SR-33,14,"['770747', '770730', '770775', '770736', '770742', '770727', '770723', '770713', '770759', '770780', '770769', '770785', '770753', '770763']"
39,14,"['1219132', '1219133', '1218630', '1219137', '1218635', '1218638', '1219190', '1218588', '1219192', '1218608', '1219196', '1219197', '1218591', '1219138']"
SR-90,12,"['774244', '774245', '774301', '774279', '774217', '774216', '774302', '774226', '774227', '774236', '774235', '774278']"
605,10,"['1219551', '1202549', '1216974', '1216968', '1216987', '1219560', '1216980', '1202527', '1202537', '1202522']"
SR-71,9,"['767166', '766673', '766685', '716271', '769292', '775101', '769279', '775100', '769294']"
SR-47,5,"['772420', '772421', '772411', '772410', '772396']"
259,4,"['824428', '824426', '824427', '824425']"
